id,description
CVE-2017-8314,Directory Traversal in Zip Extraction built-in function in Kodi 17.1 and earlier allows arbitrary file write on disk via a Zip file as subtitles.
CVE-2017-5965,"The package manager in Sitecore CRM 8.1 Rev 151207 allows remote authenticated administrators to execute arbitrary ASP code by creating a ZIP archive in which a .asp file has a ..\\ in its pathname, visiting sitecore/shell/applications/install/dialogs/Upload%20Package/UploadPackage2.aspx to upload this archive and extract its contents, and visiting a URI under sitecore/ to execute the .asp file."
CVE-2017-5946,"The Zip::File component in the rubyzip gem before 1.2.1 for Ruby has a directory traversal vulnerability. If a site allows uploading of .zip files, an attacker can upload a malicious file that uses \../\ pathname substrings to write arbitrary files to the filesystem."
CVE-2017-5793,A Remote Arbitrary Code Execution vulnerability in HPE Intelligent Management Center (IMC) PLAT version 7.2 E0403P06 was found.
CVE-2017-5219,"An issue was discovered in SageCRM 7.x before 7.3 SP3. The Component Manager functionality, provided by SageCRM, permits additional components to be added to the application to enhance provided functionality. This functionality allows a zip file to be uploaded, containing a valid .ecf component file, which will be extracted to the inf directory outside of the webroot. By creating a zip file containing an empty .ecf file, to pass file-validation checks, any other file provided in zip file will be extracted onto the filesystem. In this case, a web shell with the filename '..\\WWWRoot\\CustomPages\\aspshell.asp' was included within the zip file that, when extracted, traversed back out of the inf directory and into the SageCRM webroot. This permitted remote interaction with the underlying filesystem with the highest privilege level, SYSTEM."
CVE-2017-15893,Directory traversal vulnerability in the SYNO.FileStation.Extract in Synology File Station before 1.1.1-0099 allows remote authenticated users to write arbitrary files via the dest_folder_path parameter.
CVE-2017-14719,"Before version 4.8.2, WordPress was vulnerable to a directory traversal attack during unzip operations in the ZipArchive and PclZip components."
CVE-2017-14120,unrar 0.0.1 (aka unrar-free or unrar-gpl) suffers from a directory traversal vulnerability for RAR v2 archives: pathnames of the form ../[filename] are unpacked into the upper directory.
CVE-2017-12938,"UnRAR before 5.5.7 allows remote attackers to bypass a directory-traversal protection mechanism via vectors involving a symlink to the . directory, a symlink to the .. directory, and a regular file."
CVE-2017-11500,A directory traversal vulnerability exists in MetInfo 5.3.17. A remote attacker can use ..\\ to delete any .zip file via the filenames parameter to /admin/system/database/filedown.php.
CVE-2017-1000472,"The ZipCommon::isValidPath() function in Zip/src/ZipCommon.cpp in POCO C++ Libraries before 1.8 does not properly restrict the filename value in the ZIP header, which allows attackers to conduct absolute path traversal attacks during the ZIP decompression, and possibly create or overwrite arbitrary files, via a crafted ZIP file, related to a \file path injection vulnerability\."
CVE-2017-1000026,Chef Software's mixlib-archive versions 0.3.0 and older are vulnerable to a directory traversal attack allowing attackers to overwrite arbitrary files by using \..\ in tar archive entries
CVE-2016-9351,An issue was discovered in Advantech SUISAccess Server Version 3.0 and prior. The directory traversal/file upload error allows an attacker to upload and unpack a zip file.
CVE-2016-7791,"Exponent CMS 2.3.9 suffers from a remote code execution vulnerability in /install/index.php. An attacker can upload an evil 'exploit.tar.gz' file to the website, then extract it by visiting '/install/index.php?install_sample=../../files/exploit', which leads to arbitrary code execution."
CVE-2016-6232,"Directory traversal vulnerability in KArchive before 5.24, as used in KDE Frameworks, allows remote attackers to write to arbitrary files via a ../ (dot dot slash) in a filename in an archive file, related to KNewsstuff downloads."
CVE-2016-5537,"Unspecified vulnerability in the NetBeans component in Oracle Fusion Middleware 8.1 allows local users to affect confidentiality, integrity, and availability via unknown vectors. NOTE: the previous information is from the October 2016 CPU. Oracle has not commented on third-party claims that this issue is a directory traversal vulnerability which allows local users with certain permissions to write to arbitrary files and consequently gain privileges via a .. (dot dot) in a archive entry in a ZIP file imported as a project."
CVE-2016-4313,Directory traversal vulnerability in unzip/extract feature in eXtplorer 2.1.9 allows remote attackers to execute arbitrary files via a .. (dot dot) in an archive file.
CVE-2016-10173,Directory traversal vulnerability in the minitar before 0.6 and archive-tar-minitar 0.5.2 gems for Ruby allows remote attackers to write to arbitrary files via a .. (dot dot) in a TAR archive entry.
CVE-2016-0784,Directory traversal vulnerability in the Import/Export System Backups functionality in Apache OpenMeetings before 3.1.1 allows remote authenticated administrators to write to arbitrary files via a .. (dot dot) in a ZIP archive entry.
CVE-2016-0709,"Directory traversal vulnerability in the Import/Export function in the Portal Site Manager in Apache Jetspeed before 2.3.1 allows remote authenticated administrators to write to arbitrary files, and consequently execute arbitrary code, via a .. (dot dot) in a ZIP archive entry, as demonstrated by \../../webapps/x.jsp.\"
CVE-2015-8780,"Samsung wssyncmlnps before 2015-10-31 allows directory traversal in a Kies restore, aka ZipFury."
CVE-2015-8564,Directory traversal vulnerability in Joomla! 3.4.x before 3.4.6 allows remote attackers to have unspecified impact via directory traversal sequences in the XML install file in an extension package archive.
CVE-2015-7888,"Directory traversal vulnerability in the WifiHs20UtilityService on the Samsung S6 Edge LRX22G.G925VVRU1AOE2 allows remote attackers to overwrite or create arbitrary files as the system-level user via a .. (dot dot) in the name of a file, compressed into a zipped file named cred.zip, and downloaded to /sdcard/Download."
CVE-2015-7006,"Directory traversal vulnerability in the BOM (aka Bill of Materials) component in Apple iOS before 9.1, OS X before 10.11.1, and watchOS before 2.0.1 allows remote attackers to execute arbitrary code via a crafted CPIO archive."
CVE-2015-6833,"Directory traversal vulnerability in the PharData class in PHP before 5.4.44, 5.5.x before 5.5.28, and 5.6.x before 5.6.12 allows remote attackers to write to arbitrary files via a .. (dot dot) in a ZIP archive entry that is mishandled during an extractTo call."
CVE-2015-5662,Directory traversal vulnerability in Avast before 150918-0 allows remote attackers to delete or write to arbitrary files via a crafted entry in a ZIP archive.
CVE-2015-4641,"Directory traversal vulnerability in the SwiftKey language-pack update implementation on Samsung Galaxy S4, S4 Mini, S5, and S6 devices allows remote web servers to write to arbitrary files, and consequently execute arbitrary code in a privileged context, by leveraging control of the skslm.swiftkey.net domain name and providing a .. (dot dot) in an entry in a ZIP archive, as demonstrated by a traversal to the /data/dalvik-cache directory."
CVE-2015-2304,Absolute path traversal vulnerability in bsdcpio in libarchive 3.1.2 and earlier allows remote attackers to write to arbitrary files via a full pathname in an archive.
CVE-2015-1193,Multiple directory traversal vulnerabilities in pax 1:20140703 allow remote attackers to write to arbitrary files via a (1) full pathname or (2) .. (dot dot) in an archive.
CVE-2015-1192,Absolute path traversal vulnerability in kgb 1.0b4 allows remote attackers to write to arbitrary files via a full pathname in a crafted archive.
CVE-2015-1191,Multiple directory traversal vulnerabilities in pigz 2.3.1 allow remote attackers to write to arbitrary files via a (1) full pathname or (2) .. (dot dot) in an archive.
CVE-2015-0906,Directory traversal vulnerability in Lhaplus before 1.70 allows remote attackers to write to arbitrary files via a crafted archive.
CVE-2015-0557,"Open-source ARJ archiver 3.10.22 does not properly remove leading slashes from paths, which allows remote attackers to conduct absolute path traversal attacks and write to arbitrary files via multiple leading slashes in a path in an ARJ archive."
CVE-2015-0556,Open-source ARJ archiver 3.10.22 allows remote attackers to conduct directory traversal attacks via a symlink attack in an ARJ archive.
CVE-2015-0552,"Directory traversal vulnerability in the gcab_folder_extract function in libgcab/gcab-folder.c in gcab 0.4 allows remote attackers to write to arbitrary files via crafted path in a CAB file, as demonstrated by \\\tmp\\moo.\"
CVE-2014-9983,"Directory Traversal exists in RAR 4.x and 5.x because an unpack operation follows any symlinks, including symlinks contained in the archive. This allows remote attackers to write to arbitrary files via a crafted archive."
CVE-2014-9767,"Directory traversal vulnerability in the ZipArchive::extractTo function in ext/zip/php_zip.c in PHP before 5.4.45, 5.5.x before 5.5.29, and 5.6.x before 5.6.13 and ext/zip/ext_zip.cpp in HHVM before 3.12.1 allows remote attackers to create arbitrary empty directories via a crafted ZIP archive."
CVE-2014-9485,Directory traversal vulnerability in the do_extract_currentfile function in miniunz.c in miniunzip in minizip before 1.1-5 might allow remote attackers to write to arbitrary files via a crafted entry in a ZIP archive.
CVE-2014-9447,"Directory traversal vulnerability in the read_long_names function in libelf/elf_begin.c in elfutils 0.152 and 0.161 allows remote attackers to write to arbitrary files to the root directory via a / (slash) in a crafted archive, as demonstrated using the ar program."
CVE-2014-9375,Directory traversal vulnerability in the LibraryFileUploadServlet servlet in Lexmark Markvision Enterprise allows remote authenticated users to write to and execute arbitrary files via a .. (dot dot) in a file path in a ZIP archive.
CVE-2014-9155,Directory traversal vulnerability in the Avatar Uploader module 6.x-1.x before 6.x-1.2 and 7.x-1.x before 7.x-1.0-beta6 for Drupal allows remote authenticated users to read arbitrary files via a .. (dot dot) in the path of a cropped picture in the uploader panel.
CVE-2014-8737,Multiple directory traversal vulnerabilities in GNU binutils 2.24 and earlier allow local users to delete arbitrary files via a .. (dot dot) or full path name in an archive to (1) strip or (2) objcopy or create arbitrary files via (3) a .. (dot dot) or full path name in an archive to ar.
CVE-2014-6037,"Directory traversal vulnerability in the agentUpload servlet in ZOHO ManageEngine EventLog Analyzer 9.0 build 9002 and 8.2 build 8020 allows remote attackers to execute arbitrary code by uploading a ZIP file which contains an executable file with .. (dot dot) sequences in its name, then accessing the executable via a direct request to the file under the web root."
CVE-2014-3697,Absolute path traversal vulnerability in the untar_block function in win32/untar.c in Pidgin before 2.10.10 on Windows allows remote attackers to write to arbitrary files via a drive name in a tar archive of a smiley theme.
CVE-2014-1975,Directory traversal vulnerability in the R-Company Unzipper application 1.0.1 and earlier for Android allows remote attackers to overwrite or create arbitrary files via a crafted filename.
CVE-2014-0809,Directory traversal vulnerability in the Gapless Player SimZip (aka Simple Zip Viewer) application before 1.2.1 for Android allows remote attackers to overwrite or create arbitrary files via a crafted filename.
CVE-2014-0802,"Directory traversal vulnerability in the aokitaka ZIP with Pass application 4.5.7 and earlier, and ZIP with Pass Pro application 6.3.8 and earlier, for Android allows attackers to overwrite or create arbitrary files via unspecified vectors."
CVE-2013-6304,Multiple directory traversal vulnerabilities in Algo Risk Application (ARA) 2.4.0.1 through 4.9.1 in IBM Algo One allow remote authenticated users to bypass intended access restrictions via a crafted pathname for a (1) configuration or (2) JAR file.
CVE-2013-4668,"Directory traversal vulnerability in File Roller 3.6.x before 3.6.4, 3.8.x before 3.8.3, and 3.9.x before 3.9.3, when libarchive is used, allows remote attackers to create arbitrary files via a crafted archive that is not properly handled in a \Keep directory structure\ action, related to fr-archive-libarchive.c and fr-window.c."
CVE-2013-4420,Multiple directory traversal vulnerabilities in the (1) tar_extract_glob and (2) tar_extract_all functions in libtar 1.2.20 and earlier allow remote attackers to overwrite arbitrary files via a .. (dot dot) in a crafted tar file.
CVE-2012-5171,Directory traversal vulnerability in Be Graph BeZIP before 3.10 allows remote attackers to create or overwrite arbitrary files via a crafted archive file.
CVE-2012-2421,"Absolute path traversal vulnerability in the intu-help-qb (aka Intuit Help System Async Pluggable Protocol) handlers in HelpAsyncPluggableProtocol.dll in Intuit QuickBooks 2009 through 2012, when Internet Explorer is used, might allow remote attackers to read arbitrary files in ZIP archives via a full pathname in the URI."
CVE-2012-2194,"Directory traversal vulnerability in the SQLJ.DB2_INSTALL_JAR stored procedure in IBM DB2 9.1 before FP12, 9.5 through FP9, 9.7 through FP6, 9.8 through FP5, and 10.1 allows remote attackers to replace JAR files via unspecified vectors."
CVE-2012-0907,Directory traversal vulnerability in the web player in NeoAxis NeoAxis web player 1.4 and earlier allows user-assisted remote attackers to write arbitrary files via a .. (dot dot) in a filename in the neoaxis_web_application_win32.zip ZIP archive.
CVE-2011-3152,"DistUpgrade/DistUpgradeFetcherCore.py in Update Manager before 1:0.87.31.1, 1:0.134.x before 1:0.134.11.1, 1:0.142.x before 1:0.142.23.1, 1:0.150.x before 1:0.150.5.1, and 1:0.152.x before 1:0.152.25.5 on Ubuntu 8.04 through 11.10 does not verify the GPG signature before extracting an upgrade tarball, which allows man-in-the-middle attackers to (1) create or overwrite arbitrary files via a directory traversal attack using a crafted tar file, or (2) bypass authentication via a crafted meta-release file."
CVE-2011-2725,Directory traversal vulnerability in Ark 4.7.x and earlier allows remote attackers to delete and force the display of arbitrary files via .. (dot dot) sequences in a zip file.
CVE-2011-1366,Unspecified vulnerability in the Import feature in IBM Rational AppScan Enterprise and AppScan Reporting Console 5.2 through 7.9.x and 8.x before 8.0.1.1 allows remote attackers to execute arbitrary commands on an agent server via a crafted ZIP archive.
CVE-2010-5102,"Directory traversal vulnerability in mod/tools/em/class.em_unzip.php in the unzip library in TYPO3 4.2.x before 4.2.16, 4.3.x before 4.3.9, and 4.4.x before 4.4.5 allows remote attackers to write arbitrary files via unspecified vectors."
CVE-2010-3450,"Multiple directory traversal vulnerabilities in OpenOffice.org (OOo) 2.x and 3.x before 3.3 allow remote attackers to overwrite arbitrary files via a .. (dot dot) in an entry in (1) an XSLT JAR filter description file, (2) an Extension (aka OXT) file, or unspecified other (3) JAR or (4) ZIP files."
CVE-2010-2322,"Absolute path traversal vulnerability in the extract_jar function in jartool.c in FastJar 0.98 allows remote attackers to create or overwrite arbitrary files via a full pathname for a file within a .jar archive, a related issue to CVE-2010-0831.  NOTE: this vulnerability exists because of an incomplete fix for CVE-2006-3619."
CVE-2010-0831,"Directory traversal vulnerability in the extract_jar function in jartool.c in FastJar 0.98 allows remote attackers to create or overwrite arbitrary files via a .. (dot dot) in a non-initial pathname component in a filename within a .jar archive, a related issue to CVE-2005-1080.  NOTE: this vulnerability exists because of an incomplete fix for CVE-2006-3619."
CVE-2010-0396,Directory traversal vulnerability in the dpkg-source component in dpkg before 1.14.29 allows remote attackers to modify arbitrary files via a crafted Debian source archive.
CVE-2010-0284,"Directory traversal vulnerability in the getEntry method in the PortalModuleInstallManager component in a servlet in nps.jar in the Administration Console (aka Access Management Console) in Novell Access Manager 3.1 before 3.1.2-281 on Windows allows remote attackers to create arbitrary files with any contents, and consequently execute arbitrary code, via a .. (dot dot) in a parameter, aka ZDI-CAN-678."
CVE-2009-1743,"Directory traversal vulnerability in InstallHFZ.exe 6.5.201.0 in Pinnacle Hollywood Effects 6, a module in Pinnacle Systems Pinnacle Studio 12, allows remote attackers to create and overwrite arbitrary files via a filename containing a ..\\ (dot dot backslash) sequence in a Hollywood FX Compressed Archive (.hfz) file.  NOTE: this can be leveraged for code execution by decompressing a file to a Startup folder.  NOTE: some of these details are obtained from third party information."
CVE-2008-5658,Directory traversal vulnerability in the ZipArchive::extractTo function in PHP 5.2.6 and earlier allows context-dependent attackers to write arbitrary files via a ZIP file with a file whose name contains .. (dot dot) sequences.
CVE-2008-5275,"Multiple directory traversal vulnerabilities in the (a) \Unzip archive\ and (b) \Upload files and archives\ functionality in net2ftp 0.96 stable and 0.97 beta allow remote attackers to create, read, or delete arbitrary files via a .. (dot dot) in a filename within a (1) TAR or (2) ZIP archive.  NOTE: this can be leveraged for code execution by creating a .php file."
CVE-2008-3564,"Multiple directory traversal vulnerabilities in index.php in Dayfox Blog 4 allow remote attackers to include and execute arbitrary local files via a .. (dot dot) in the (1) p, (2) cat, and (3) archive parameters.  NOTE: in some environments, this can be leveraged for remote file inclusion by using a UNC share pathname or an ftp, ftps, or ssh2.sftp URL."
CVE-2008-1885,Directory traversal vulnerability in the NeffyLauncher 1.0.5 ActiveX control (NeffyLauncher.dll) in CDNetworks Nefficient Download allows remote attackers to download arbitrary code onto a client system via a .. (dot dot) in the SkinPath parameter and a .zip URL in the HttpSkin parameter.  NOTE: this can be leveraged for code execution by writing to a Startup folder.
CVE-2007-4829,Directory traversal vulnerability in the Archive::Tar Perl module 1.36 and earlier allows user-assisted remote attackers to overwrite arbitrary files via a TAR archive that contains a file whose name is an absolute path or has \..\ sequences.
CVE-2007-4559,"Directory traversal vulnerability in the (1) extract and (2) extractall functions in the tarfile module in Python allows user-assisted remote attackers to overwrite arbitrary files via a .. (dot dot) sequence in filenames in a TAR archive, a related issue to CVE-2001-1267."
CVE-2007-4545,Multiple directory traversal vulnerabilities in Unreal Commander 0.92 build 565 and 573 allow user-assisted remote attackers to create or overwrite arbitrary files via a .. (dot dot) in a filename within a (1) ZIP or (2) RAR archive.
CVE-2007-4134,Directory traversal vulnerability in extract.c in star before 1.5a84 allows user-assisted remote attackers to overwrite arbitrary files via certain //.. (slash slash dot dot) sequences in directory symlinks in a TAR archive.
CVE-2007-4131,Directory traversal vulnerability in the contains_dot_dot function in src/names.c in GNU tar allows user-assisted remote attackers to overwrite arbitrary files via certain //.. (slash slash dot dot) sequences in directory symlinks in a TAR archive.
CVE-2007-3633,Absolute path traversal vulnerability in the Chilkat Software Chilkat Zip ActiveX control in ChilkatZip2.dll 12.4.2.0 allows remote attackers to create or overwrite arbitrary files via a full pathname in the argument to the (1) SaveLastError method and probably the (2) WriteExe method.
CVE-2007-2058,"Directory traversal vulnerability in Acubix PicoZip 4.02 allows user-assisted remote attackers to overwrite arbitrary files via a .. (dot dot) sequence in the file path in an (1) GZ, (2) TAR, (3) RAR, (4) JAR, or (5) ZIP archive."
CVE-2007-2012,"Multiple directory traversal vulnerabilities in MimarSinan CompreXX 4.1 allow remote attackers to create files in arbitrary directories via a .. (dot dot) in a (1) .rar, (2) .jar or (3) .zip archive."
CVE-2007-1954,"Multiple directory traversal vulnerabilities in ArchiveXpert 2.02 build 80 allow remote attackers to create files in arbitrary directories via a .. (dot dot) in a (1) .gz, (2) .jar, (3) .rar, (4) .tar.gz, (5) .zip, or (6) .tar file."
CVE-2007-1040,Directory traversal vulnerability in archives.php in Xpression News (X-News) 1.0.1 allows remote attackers to include arbitrary files or obtain sensitive information via a .. (dot dot) in the xnews-template parameter.
CVE-2006-5963,Directory traversal vulnerability in PentaZip 8.5.1.190 and PentaSuite-PRO 8.5.1.221 allows user-assisted remote attackers to extract files to arbitrary pathnames via a ../ (dot dot slash) in a filename.
CVE-2006-5487,"Directory traversal vulnerability in Marshal MailMarshal SMTP 5.x, 6.x, and 2006, and MailMarshal for Exchange 5.x, allows remote attackers to write arbitrary files via \..\ sequences in filenames in an ARJ compressed archive."
CVE-2006-3619,"Directory traversal vulnerability in FastJar 0.93, as used in Gnu GCC 4.1.1 and earlier, and 3.4.6 and earlier, allows user-assisted attackers to overwrite arbitrary files via a .jar file containing filenames with \../\ sequences."
CVE-2006-3602,Directory traversal vulnerability in jscripts/tiny_mce/tiny_mce_gzip.php in FarsiNews 3.0 BETA 1 allows remote attackers to include arbitrary files via a .. (dot dot) sequence and trailing null (%00) byte in the language parameter in the advanced theme.
CVE-2006-3326,"Directory traversal vulnerability in QuickZip 3.06.3 allows remote user-assisted attackers to overwrite arbitrary files or directories via .. (dot dot) sequences in filenames within (1) TAR,(2) GZ, and (3) JAR archives.  NOTE: the provenance of this information is unknown; the details are obtained solely from third party information."
CVE-2006-3178,Directory traversal vulnerability in extract_chmLib example program in CHM Lib (chmlib) before 0.38 allows remote attackers to overwrite arbitrary files via a CHM archive containing files with a .. (dot dot) in their filename.
CVE-2006-2958,"Directory traversal vulnerability in FilZip 3.05 allows remote attackers to write arbitrary files via a .. (dot dot) in a (1) .rar, (2) .tar, (3) .jar, or (4) .gz file.  NOTE: the provenance of this information is unknown; the details are obtained from third party information."
CVE-2006-2520,"Directory traversal vulnerability in BitZipper 4.1.2 SR-1 and earlier allows remote attackers to create files in arbitrary directories via a ..  (dot dot) in the filename of a file that is stored in a (1) RAR (.rar), (2) TAR (.tar), (3) ZIP (.zip), (4) GZ (.gz), or (5) JAR (.jar) archive."
CVE-2006-2006,"Multiple directory traversal vulnerabilities in IZArc Archiver 3.5 beta 3 allow remote attackers to write arbitrary files via a ..\\ (dot dot backslash) in a (1) .rar, (2) .tar, (3) .zip, (4) .jar, or (5) .gz archive.  NOTE: the provenance of this information is unknown; the details are obtained solely from third party information."
CVE-2006-1715,"Multiple directory traversal vulnerabilities in Christian Kindahl TUGZip 3.4.0.0, 3.3.0.0, and 3.1.0.2 allow user-assisted attackers to create files in arbitrary directories via a .. (dot dot) in an archive pack with a crafted (1) .gz, (2) .jar, (3) .rar, or (4) .zip file."
CVE-2006-1611,"Directory traversal vulnerability in KGB Archiver before 1.1.5.22 allows remote attackers to overwrite arbitrary files wile decompressing an archive, possibly due to directory traversal sequences in a filename."
CVE-2006-1339,"Directory traversal vulnerability in inc/functions.inc.php in CuteNews 1.4.1 and possibly other versions, when register_globals is enabled, allows remote attackers to include arbitrary files via a .. (dot dot) sequence and trailing NULL (%00) byte in the archive parameter in an HTTP POST or COOKIE request, which bypasses a sanity check that is only applied to a GET request."
CVE-2006-1323,"Directory traversal vulnerability in WinHKI 1.6 and earlier allows user-assisted attackers to overwrite arbitrary files via a (1) RAR, (2) TAR, (3) ZIP, or (4) TAR.GZ archive with a file whose file name contains \..\ sequences."
CVE-2006-0981,Directory traversal vulnerability in e-merge WinAce 2.6 and earlier allows remote attackers to create and overwrite arbitrary files via certain crafted pathnames in a (1) zip or (2) tar archive.
CVE-2006-0950,unalz 0.53 allows user-assisted attackers to overwrite arbitrary files via an ALZ archive with \..\ (dot dot) sequences in a filename.
CVE-2006-0932,Directory traversal vulnerability in zip.lib.php 0.1.1 in PEAR::Archive_Zip allows remote attackers to create and overwrite arbitrary files via certain crafted pathnames in a ZIP archive.
CVE-2006-0931,"Directory traversal vulnerability in PEAR::Archive_Tar 1.2, and other versions before 1.3.2, allows remote attackers to create and overwrite arbitrary files via certain crafted pathnames in a TAR archive."
CVE-2006-0926,"Multiple directory traversal vulnerabilities in Allume StuffIt Standard and Deluxe 9.0, ZipMagic Deluxe 9.0, and StuffIt Expander 9.0.0.21 Engine 9.0.0.21 allow remote attackers to create and overwrite arbitrary files via certain crafted pathnames in a (1) zip or (2) tar archive."
CVE-2006-0890,"Directory traversal vulnerability in SpeedProject Squeez 5.1, as used in (1) ZipStar 5.1 and (2) SpeedCommander 11.01.4450, allows remote attackers to overwrite arbitrary files via unspecified manipulations in a (1) JAR or (2) ZIP archive."
CVE-2006-0391,Directory traversal vulnerability in the BOM framework in Mac OS X 10.x before 10.3.9 and 10.4 before 10.4.5 allows user-assisted attackers to overwrite or create arbitrary files via an archive that is handled by BOMArchiveHelper.
CVE-2005-4600,"Directory traversal vulnerability in tiny_mce_gzip.php in TinyMCE Compressor PHP before 1.06 allows remote attackers to read or include arbitrary files via a trailing null byte (%00) in the (1) theme, (2) language, (3) plugins, or (4) lang parameter."
CVE-2005-3030,"Directory traversal vulnerability in the archive decompression library in AhnLab V3Pro 2004 build 6.0.0.383, V3 VirusBlock 2005 build 6.0.0.383, and V3Net for Windows Server 6.0 build 6.0.0.383 allows remote attackers to write arbitrary files via a .. (dot dot) in the filename in a compressed archive."
CVE-2005-2670,"Directory traversal vulnerability in HAURI Anti-Virus products including ViRobot Expert 4.0, Advanced Server, Linux Server 2.0, and LiveCall allows remote attackers to overwrite arbitrary files via \..\ sequences in filenames contained in (1) ACE, (2) ARJ, (3) CAB, (4) LZH, (5) RAR, (6) TAR and (7) ZIP files."
CVE-2005-2619,"Directory traversal vulnerability in kvarcve.dll in Autonomy (formerly Verity) KeyView SDK before 9.2.0, as used in Lotus Notes 6.5.4 and 7.0, allows remote attackers to delete arbitrary files via a (1) ZIP, (2) UUE or (3) TAR archive that contains a .. (dot dot) in the filename, which is not properly handled when generating a preview."
CVE-2005-2384,"Directory traversal vulnerability in a third-party compression library (UNACEV2.DLL), as used in avast! Antivirus Home/Professional Edition 4.6.665 and Server Edition 4.6.460, allows remote attackers to write arbitrary files via an ACE archive containing filenames with (1) .. or (2) absolute pathnames."
CVE-2005-1918,"The original patch for a GNU tar directory traversal vulnerability (CVE-2002-0399) in Red Hat Enterprise Linux 3 and 2.1 uses an \incorrect optimization\ that allows user-assisted attackers to overwrite arbitrary files via a crafted tar file, probably involving \/../\ sequences with a leading \/\."
CVE-2005-1874,Directory traversal vulnerability in Dzip before 2.9 allows remote attackers to create arbitrary files via a filename containing a .. (dot dot) in a .dz archive.
CVE-2005-1229,Directory traversal vulnerability in cpio 2.6 and earlier allows remote attackers to write to arbitrary directories via a .. (dot dot) in a cpio file.
CVE-2005-1228,Directory traversal vulnerability in gunzip -N in gzip 1.2.4 through 1.3.5 allows remote attackers to write to arbitrary directories via a .. (dot dot) in the original filename within a compressed file.
CVE-2005-1080,"Directory traversal vulnerability in the Java Archive Tool (Jar) utility in J2SE SDK 1.4.2 and 1.5, and OpenJDK, allows remote attackers to create or overwrite arbitrary files via a .. (dot dot) in filenames in a .jar file."
CVE-2005-0331,"Directory traversal vulnerability in WinRAR 3.42 and earlier, when the user clicks on the ZIP file to extract it, allows remote attackers to create arbitrary files via a ... (triple dot) in the filename of the ZIP file."
CVE-2005-0329,Directory traversal vulnerability in ZipGenius 5.5 and earlier allows remote attackers to create and possibly modify arbitrary files via a ZIP file with a file whose name includes .. (dot dot) sequences.
CVE-2005-0304,Directory traversal vulnerability in DivX Player 2.6 and earlier allows remote attackers to overwrite arbitrary files via a .. (dot dot) in a filename in a ZIP file for a skin.
CVE-2005-0213,Directory traversal vulnerability in WinHKI 1.4d allows remote attackers to overwrite arbitrary files via a .. (dot dot) in a zip file.
CVE-2005-0161,Multiple directory traversal vulnerabilities in unace 1.2b allow attackers to overwrite arbitrary files via an ACE archive containing (1) ../ sequences or (2) absolute pathnames.
CVE-2004-2643,Directory traversal vulnerability in Microsoft cabarc allows remote attackers to overwrite files via \../\ sequences in file names in a CAB archive.
CVE-2004-1027,Directory traversal vulnerability in the -x (extract) command line option in unarj allows remote attackers to overwrite arbitrary files via an arj archive with filenames that contain .. (dot dot) sequences.
CVE-2004-0916,Directory traversal vulnerability in cabextract before 1.1 allows remote attackers to overwrite arbitrary files via a cabinet file containing .. (dot dot) sequences in a filename.
CVE-2004-0235,Multiple directory traversal vulnerabilities in LHA 1.14 allow remote attackers or local users to create arbitrary files via an LHA archive containing filenames with (1) .. sequences or (2) absolute pathnames with double leading slashes (\//absolute/path\).
CVE-2003-0650,"Directory traversal vulnerability in GSAPAK.EXE for GameSpy Arcade, possibly versions before 1.3e, allows remote attackers to overwrite arbitrary files and execute arbitrary code via .. (dot dot) sequences in filenames in a .APK (Zip) file."
CVE-2003-0282,"Directory traversal vulnerability in UnZip 5.50 allows attackers to overwrite arbitrary files via invalid characters between two . (dot) characters, which are filtered and result in a \..\ sequence."